Product Code,Name,Description,Small Image,Large Image,Catalogue,Sale Price,Retail Price,Tax Code,SEO friendly URL,Grouping Product Codes,Grouping Product Descriptions,Supplier CRM ID,Supplier Commission Percentage,Weighting/Order,Related Products,Weight In KG/Pounds,Product Width (Previously Volume),Keywords,Unit Type,Min Units,Max Units,In Stock,On Order,Re-order Threshold,Inventory Control,Can Pre-Order,Custom 1,Custom 2,Custom 3,Custom 4,Poplets,Enabled,Capture Details,Limit Download Count,Limit Download IP,On Sale,Hide if Out of Stock,Attributes,Gift Voucher,Drop Shipping,Product Height,Product Depth,Exclude From Search Results,Product Title,Wholesale Sale Price,Tax Code,Cycle Type,Cycle Type Count,Product URL,Product Affiliate URL,Variations Enabled,Variations Code,Variation Options,Role Responsible,Product Meta Description
S-MT_0001,Abram,"<p>In the Old Testament, Abram is ordained by God as the lineage father of all of God&rsquo;s body of chosen people, Israel. He is blessed, sent on a journey to a Promised Land and later receives the name Abraham, &ldquo;father of many nations.&rdquo;</p><p>This form loosely reflects: at its top, Abram&rsquo;s faithfully singular focus of mind, further down, the dispersion of his lineage to descendants of many nations, and from mid-section to base, the challenges endured and overcome through his life&rsquo;s steadfast journey. </p><div class=""quote""><p>The LORD had said to Abram, ""Leave your country, your people and your father's household and go to the land I will show you.""<br />",/images/art/portfolio/small/S-MT_0001_a.jpg,/images/art/portfolio/large/S-MT_0001_a.jpg,/Art/Sculpture/;/Art/Sculpture/Metal/;/Art/;,US/10000.00;,US/10000.00;,,abram,,,,,9004,,38.25,10,,sculpture,,3,1,0,,N,N,"bronze, polished &amp; nickel plated",8.5 x 10 x 21,38.25,2010,/images/art/portfolio/large/S-MT_0001_a.jpg;/images/art/portfolio/large/S-MT_0001_b.jpg;/images/art/portfolio/large/S-MT_0001_c.jpg;/images/art/portfolio/large/S-MT_0001_d.jpg;/images/art/portfolio/large/S-MT_0001_e.jpg;/images/art/portfolio/large/S-MT_0001_f.jpg;/images/art/portfolio/large/S-MT_0001_g.jpg;/images/art/portfolio/large/S-MT_0001_h.jpg;,Y,N,,,N,N,,N,N,21,8.5,N,Abram,US/0.00;,,1,,http://baralaye.worldsecuresystems.com/art/abram,http://baralaye.worldsecuresystems.com/AP.aspx?ID=PUT_AFFILIATEPROGRAMID_HERE&EID=PUT_AFFILIATECRMID_HERE&ObjectID=5041588&ObjectType=27,N,,,,
S-MM_0001,Adesuwa,"<p>Meaning: In the midst of prosperity.<br />
Origin: Benin Kingdom, Nigeria.</p>
<div class=""quote"">
<p>""Make it work.""</p>
<span class=""att"">- Mom. Various dates</span></div>",/images/art/portfolio/small/S-MM_0001_a.jpg,/images/art/portfolio/large/S-MM_0001_a.jpg,/Art/Sculpture/;/Art/Sculpture/Mixed Media/;/Art/;,US/3000.00;,US/3000.00;,,adesuwa,,,,,8002,,26.2,9,,sculpture,,1,1,0,,Y,N,"plaster, clay, metal, wood, wax, found objects, acrylic paint, resin",9 x 13.5 x 22,26.2,2011,/images/art/portfolio/large/S-MM_0001_a.jpg;/images/art/portfolio/large/S-MM_0001_b.jpg;/images/art/portfolio/large/S-MM_0001_c.jpg;/images/art/portfolio/large/S-MM_0001_d.jpg;/images/art/portfolio/large/S-MM_0001_e.jpg;/images/art/portfolio/large/S-MM_0001_f.jpg;/images/art/portfolio/large/S-MM_0001_g.jpg;/images/art/portfolio/large/S-MM_0001_h.jpg;/images/art/portfolio/large/S-MM_0001_i.jpg;,Y,N,,,N,N,,N,N,22,13.5,N,Adesuwa,US/0.00;,,1,,http://baralaye.worldsecuresystems.com/art/adesuwa,http://baralaye.worldsecuresystems.com/AP.aspx?ID=PUT_AFFILIATEPROGRAMID_HERE&EID=PUT_AFFILIATECRMID_HERE&ObjectID=5041584&ObjectType=27,N,,,,
S-CR_0014,Akintoye,"<p>Meaning: Strength is enough title.<br />Origin: Yuroba tribe, Nigeria.</p>",/images/art/portfolio/small/S-CR_0014_a.jpg,/images/art/portfolio/large/S-CR_0014_a.jpg,/Art/Sculpture/;/Art/Sculpture/Ceramics/;/Art/;,US/2000.00;,US/2000.00;,,akintoye,,,,,7004,,15.4,18.5,,sculpture,,1,1,0,,Y,N,"stoneware, anagama fired",7 x 18.5 x 13.5,15.4,2011,/images/art/portfolio/large/S-CR_0014_a.jpg;/images/art/portfolio/large/S-CR_0014_b.jpg;/images/art/portfolio/large/S-CR_0014_c.jpg;/images/art/portfolio/large/S-CR_0014_d.jpg;/images/art/portfolio/large/S-CR_0014_e.jpg;/images/art/portfolio/large/S-CR_0014_f.jpg;/images/art/portfolio/large/S-CR_0014_g.jpg;/images/art/portfolio/large/S-CR_0014_h.jpg;,Y,N,,,N,N,,N,N,13.5,7,N,Akintoye,US/0.00;,,1,,http://baralaye.worldsecuresystems.com/art/akintoye,http://baralaye.worldsecuresystems.com/AP.aspx?ID=PUT_AFFILIATEPROGRAMID_HERE&EID=PUT_AFFILIATECRMID_HERE&ObjectID=5041570&ObjectType=27,N,,,,
S-CR_0016,Ayomide,"<p>Meaning: My joy has arrived<br />Origin: Yuroba tribe, Nigeria.</p>",/images/art/portfolio/small/S-CR_0016_h.jpg,/images/art/portfolio/large/S-CR_0016_h.jpg,/Art/Sculpture/;/Art/Sculpture/Ceramics/;/Art/;,US/2000.00;,US/2000.00;,,ayomide,,,,,7004,,13.2,15.5,,sculpture,,1,0,0,,Y,N,"stoneware, anagama fired",9 x 15.5 x 17,13.2,2011,/images/art/portfolio/large/S-CR_0016_a.jpg;/images/art/portfolio/large/S-CR_0016_b.jpg;/images/art/portfolio/large/S-CR_0016_c.jpg;/images/art/portfolio/large/S-CR_0016_f.jpg;/images/art/portfolio/large/S-CR_0016_h.jpg;/images/art/portfolio/large/S-CR_0016_i.jpg;/images/art/portfolio/large/S-CR_0016_j.jpg;/images/art/portfolio/large/S-CR_0016_k.jpg;,Y,N,,,N,N,,N,N,17,9,N,Ayomide,US/0.00;,,1,,http://baralaye.worldsecuresystems.com/art/ayomide,http://baralaye.worldsecuresystems.com/AP.aspx?ID=PUT_AFFILIATEPROGRAMID_HERE&EID=PUT_AFFILIATECRMID_HERE&ObjectID=5041572&ObjectType=27,N,,,,
S-MT_0005,Barabbas,"<p>Barabbas was an insurgent hostile to Roman occupation in Israel during the time of Christ. He was an imprisoned murderer, condemned within the Roman court and ostracized in society. When Christ was brought for judgment as an alleged political and religious dissenter before governor, Pontius Pilate, the observed festival custom of freeing a prisoner was then carried out in Barabbas&rsquo; favor rather than for Christ, under the pressed petition of his accusers. The guilty man was freed and Jesus, innocently accused though making no defense, was crucified.</p>
<p>Barabbas represents the fallen and brazen rebellion of humanity against God, destined to eternal condemnation. His acquittal captures the pivotal transcendence of grace in the gospel: while in transgression as enemies to God, his people were eternally forgiven, freed from judgement and reunited to him through the severely complete penalty of judgment and separation&nbsp;substitutionally&nbsp;embraced by his entirely sinless and righteous son, Jesus Christ. Christ's paid death and following resurrection has imbued to God&rsquo;s people the perfect image of Christ before God and the eternal place as heirs to his heavenly kingdom.</p>
<p>The form of this piece abstracts the aggressive hostility and rebelliousness in the character of Barabbas. The polished and plated surface partially reflects the viewer and symbolizes the overlaid righteousness of Christ.</p>",/images/art/portfolio/small/S-MT_0005_a.jpg,/images/art/portfolio/large/S-MT_0005_a.jpg,/Art/Sculpture/;/Art/Sculpture/Metal/;/Art/;,US/18000.00;,US/18000.00;,,barabbas,,,,,9005,,85,,product,sculpture,,1,1,0,,Y,N,"bronze, polished &amp; laser gold plated",22 x 10 x 23,75,2012,/images/art/portfolio/large/S-MT_0005_a.jpg;/images/art/portfolio/large/S-MT_0005_c.jpg;/images/art/portfolio/large/S-MT_0005_f.jpg;/images/art/portfolio/large/S-MT_0005_h.jpg;/images/art/portfolio/large/S-MT_0005_j.jpg;/images/art/portfolio/large/S-MT_0005_l.jpg;/images/art/portfolio/large/S-MT_0005_n.jpg;/images/art/portfolio/large/S-MT_0005_r.jpg;/images/art/portfolio/large/S-MT_0005_t.jpg;/images/art/portfolio/large/S-MT_0005_y.jpg;,Y,N,,,N,N,,N,N,22,10,N,Barabbas,US/0.00;,,1,,http://baralaye.worldsecuresystems.com/art/barabbas,http://baralaye.worldsecuresystems.com/AP.aspx?ID=PUT_AFFILIATEPROGRAMID_HERE&EID=PUT_AFFILIATECRMID_HERE&ObjectID=5073771&ObjectType=27,N,,,,
S-MM_0004,Baraka,"<p><a href=""http://en.wikipedia.org/wiki/Baraka"" target=""_blank"">Baraka</a> means ""blessing"" in Hebrew, Arabic and Arabic-influenced languages. </p>
<p class=""quote"">...If we could tell the truth all the time, If we could be with our need to be loved ones and tell the truth, learning not just from books, learning from our bloodline, all would be harmony. Learning from justice, learning from work, learning from constancy, learning from love. If we could tell the truth all the time a terrible pressure would be on the world. It'd have to change if we changed so...
</p>
<p>
- Selection from <a href=""http://media.sas.upenn.edu/pennsound/authors/Baraka/Baraka-Amiri_Pressure-2-Gro_11-12-75_The-World-Record_1981.mp3"" target=""_blank"">""Pressure to Grow""</a> by Amiri Baraka (LeRoi Jones)
</p>",/images/art/portfolio/small/S-MM_0004_a.jpg,/images/art/portfolio/large/S-MM_0004_a.jpg,/Art/Sculpture/;/Art/Sculpture/Mixed Media/;/Art/;,US/3000.00;,US/3000.00;,,baraka,,,,,8003,,,,,sculpture,,1,1,0,,Y,N,"plaster, ceramic, found objects, acrylic, wax.",23 x 20 x 16.5,23.2,2012,/images/art/portfolio/large/S-MM_0004_a.jpg;/images/art/portfolio/large/S-MM_0004_b.jpg;/images/art/portfolio/large/S-MM_0004_c.jpg;/images/art/portfolio/large/S-MM_0004_d.jpg;/images/art/portfolio/large/S-MM_0004_e.jpg;/images/art/portfolio/large/S-MM_0004_f.jpg;/images/art/portfolio/large/S-MM_0004_g.jpg;/images/art/portfolio/large/S-MM_0004_h.jpg;,Y,N,,,N,N,,N,N,,,N,Baraka,US/0.00;,,1,,http://baralaye.worldsecuresystems.com/art/baraka,http://baralaye.worldsecuresystems.com/AP.aspx?ID=PUT_AFFILIATEPROGRAMID_HERE&EID=PUT_AFFILIATECRMID_HERE&ObjectID=5041587&ObjectType=27,N,,,,
V-SC_0002,Bilbao,,/images/art/portfolio/small/V-SC_0002-1_2_a.jpg,/images/art/portfolio/large/V-SC_0002-1_2_a.jpg,/Art/Vessels/;/Art/Vessels/Slipcast/;/Art/;,US/450.00;,US/450.00;,,cloud,,,,,5003,,4.15,,,vessel,,,0,0,,Y,N,"porcelain, slip-cast, saggar-fired",large vase -7x7x17 <br/> smaller vase -7x6x15,3,2006,/images/art/portfolio/large/V-SC_0002-1_2_a.jpg;/images/art/portfolio/large/V-SC_0002-1_2_b.jpg;/images/art/portfolio/large/V-SC_0002-2_2_a.jpg;/images/art/portfolio/large/V-SC_0002-2_2_b.jpg;,Y,N,,,N,N,,N,N,,,N,Bilbao,US/0.00;,,1,,http://baralaye.worldsecuresystems.com/art/cloud,http://baralaye.worldsecuresystems.com/AP.aspx?ID=PUT_AFFILIATEPROGRAMID_HERE&EID=PUT_AFFILIATECRMID_HERE&ObjectID=5041605&ObjectType=27,N,,,,
S-CR_0010,Billie,"<div class=""quote""><p>There's two kinds of blues, there's happy blues and there's sad blues. The blues is sort of a mixed up thing, you just have to feel it.</p><span class=""att"">- Billie Holiday</span></div>",/images/art/portfolio/small/S-CR_0010_a.jpg,/images/art/portfolio/large/S-CR_0010_a.jpg,/Art/Sculpture/;/Art/Sculpture/Ceramics/;/Art/;,US/600.00;,US/600.00;,,billie,,,,,7001,,5.25,9,,sculpture,,1,1,0,,Y,N,terra-cotta,8 x 9 x 9,5.2,2004,/images/art/portfolio/large/S-CR_0010_a.jpg;/images/art/portfolio/large/S-CR_0010_b.jpg;/images/art/portfolio/large/S-CR_0010_c.jpg;,Y,N,,,N,N,,N,N,9,8,N,Billie,US/0.00;,,1,,http://baralaye.worldsecuresystems.com/art/billie,http://baralaye.worldsecuresystems.com/AP.aspx?ID=PUT_AFFILIATEPROGRAMID_HERE&EID=PUT_AFFILIATECRMID_HERE&ObjectID=5041566&ObjectType=27,N,,,,
S-MT_0004,David,"<p>David, an ancestor of Jesus Christ, was the second King anointed through the prophet Samuel to oversee Judah and all Israel. He came to his reign tensely under service of the then denounced first king, Saul, who, in fear of being usurped, continuously sought to take David&rsquo;s life. A skilled warrior, David&rsquo;s life was marked by warfare and victory, tragedy and praise. In his intimate devotion to God he was known as a man after God&rsquo;s own heart.</p><p>The stature of the piece reflects David&rsquo;s masculinity and strength. The deepened cracks and inflamed sheared edges reflect his fearless mettle on the battlefield and yet vulnerably broken humanity, while the more elegant curvatures and sinuous planes embody his confident tact as a strategist, diplomat and man of bold faith. The overall energetically outward gestures of the piece capture David&rsquo;s earnest dependence and need for the presence, provision, leadership and love of God in his life.</p>{module_adrotator,8359}<ul class=""specs sub""><li>production: <a href=""http://www.excaliburbronzeny.com/"" target=""_blank"">Excalibur Sculpture Foundry</a></li><li>photography: <a href=""http://www.joegarrad.com"" target=""_blank"">Joe Garrad</a></li></ul>",/images/art/portfolio/small/S-MT_0004_a.jpg,/images/art/portfolio/large/S-MT_0004_a.jpg,/Art/Sculpture/;/Art/Sculpture/Metal/;/Art/;,US/8000.00;,US/8000.00;,,david,,,,,9003,,29.5,9,,sculpture,,3,1,0,,Y,N,"bronze, polished &amp; nickel plated",5 x 11 x 18,29.5,2010,/images/art/portfolio/large/S-MT_0004_a.jpg;/images/art/portfolio/large/S-MT_0004_b.jpg;/images/art/portfolio/large/S-MT_0004_c.jpg;/images/art/portfolio/large/S-MT_0004_d.jpg;/images/art/portfolio/large/S-MT_0004_e.jpg;/images/art/portfolio/large/S-MT_0004_f.jpg;/images/art/portfolio/large/S-MT_0004_g.jpg;/images/art/portfolio/large/S-MT_0004_h.jpg;/images/art/portfolio/large/S-MT_0004_i.jpg;,Y,N,,,N,N,,N,N,17,6,N,David,US/0.00;,,1,,http://baralaye.worldsecuresystems.com/art/david,http://baralaye.worldsecuresystems.com/AP.aspx?ID=PUT_AFFILIATEPROGRAMID_HERE&EID=PUT_AFFILIATECRMID_HERE&ObjectID=5041591&ObjectType=27,N,,,,
V-PT_0014,Deborah,,/images/art/portfolio/small/V-PT_0014_a.jpg,/images/art/portfolio/large/V-PT_0014_a.jpg,/Art/Vessels/;/Art/Vessels/Pottery/;/Art/;,US/500.00;,US/500.00;,,deborah,,,,,6002,,4.75,6,,vessel,,1,0,0,,Y,N,"porcelain, wheel-thrown &amp; slip-trailed, glazed",6 x 6 x 15.5,4.5,2006,/images/art/portfolio/large/V-PT_0014_a.jpg;/images/art/portfolio/large/V-PT_0014_b.jpg;/images/art/portfolio/large/V-PT_0014_c.jpg;,Y,N,,,N,Y,,N,N,15.5,6,N,Deborah,US/0.00;,,1,,http://baralaye.worldsecuresystems.com/art/deborah,http://baralaye.worldsecuresystems.com/AP.aspx?ID=PUT_AFFILIATEPROGRAMID_HERE&EID=PUT_AFFILIATECRMID_HERE&ObjectID=5041592&ObjectType=27,N,,,,
V-PT_0015,Duke,,/images/art/portfolio/small/V-PT_0015_a.jpg,/images/art/portfolio/large/V-PT_0015_a.jpg,/Art/Vessels/;/Art/Vessels/Pottery/;/Art/;,US/500.00;,US/500.00;,,duke,,,,,6002,,4,6,,vessel,,1,0,0,,Y,N,"porcelain, wheel-thrown &amp; slip-trailed, burnished",6 x 6 x 13.5,4.5,2006,/images/art/portfolio/large/V-PT_0015_a.jpg;/images/art/portfolio/large/V-PT_0015_b.jpg;,Y,N,,,N,Y,,N,N,13.5,6,N,Duke,US/0.00;,,1,,http://baralaye.worldsecuresystems.com/art/duke,http://baralaye.worldsecuresystems.com/AP.aspx?ID=PUT_AFFILIATEPROGRAMID_HERE&EID=PUT_AFFILIATECRMID_HERE&ObjectID=5041593&ObjectType=27,N,,,,
V-PT_0017,Emperor,,/images/art/portfolio/small/V-PT_0017_a.jpg,/images/art/portfolio/large/V-PT_0017_a.jpg,/Art/Vessels/;/Art/Vessels/Pottery/;/Art/;,US/500.00;,US/500.00;,,emperor,,,,,6001,,4.8,6.5,,vessel,,1,1,0,,N,N,"porcelain, wheel-thrown & slip-trailed, glazed",6.5 x 6.5 x 11.5,4.8,2006,/images/art/portfolio/large/V-PT_0017_a.jpg;/images/art/portfolio/large/V-PT_0017_b.jpg;,Y,N,,,N,N,,N,N,11.5,6.5,N,Emperor,US/0.00;,,1,,http://baralaye.worldsecuresystems.com/art/emperor,http://baralaye.worldsecuresystems.com/AP.aspx?ID=PUT_AFFILIATEPROGRAMID_HERE&EID=PUT_AFFILIATECRMID_HERE&ObjectID=5041594&ObjectType=27,N,,,,
V-SC_0001,Etude,,/images/art/portfolio/small/V-SC_0001_2_a.jpg,/images/art/portfolio/large/V-SC_0001_2_a.jpg,/Art/Vessels/;/Art/Vessels/Slipcast/;/Art/;,US/250.00;,US/250.00;,,etude,,,,,5003,,2.5,6,,vessel,,,1,0,,Y,N,"porcelain, slip-cast",6 x 6 x 15.5,1.5,2005,/images/art/portfolio/large/V-SC_0001_2_a.jpg;/images/art/portfolio/large/V-SC_0001_2_b.jpg;,Y,N,,,N,N,,N,N,15.5,6,N,Etude,US/0.00;,,1,,http://baralaye.worldsecuresystems.com/art/etude,http://baralaye.worldsecuresystems.com/AP.aspx?ID=PUT_AFFILIATEPROGRAMID_HERE&EID=PUT_AFFILIATECRMID_HERE&ObjectID=5041604&ObjectType=27,N,,,,
S-CR_0013,Ezra,"<div class=""quote""><p>With usura, sin against nature,<br />is thy bread ever more of stale rags<br />is thy bread dry as paper,<br />with no mountain wheat, no strong flour...</p><span class=""att"">Canto XLV - With Usura(excerpt)<br />- Ezra Pound</span></div>",/images/art/portfolio/small/S-CR_0013_a.jpg,/images/art/portfolio/large/S-CR_0013_a.jpg,/Art/Sculpture/;/Art/Sculpture/Ceramics/;/Art/;,US/600.00;,US/600.00;,,ezra,,,,,7002,,8.2,7,,sculpture,,1,1,0,,Y,N,"terra-cotta, acrylic surface",5 x 7 x 8,8,2006,/images/art/portfolio/large/S-CR_0013_a.jpg;/images/art/portfolio/large/S-CR_0013_b.jpg;,Y,N,,,N,N,,N,N,8,5,N,Ezra,US/0.00;,,1,,http://baralaye.worldsecuresystems.com/art/ezra,http://baralaye.worldsecuresystems.com/AP.aspx?ID=PUT_AFFILIATEPROGRAMID_HERE&EID=PUT_AFFILIATECRMID_HERE&ObjectID=5041569&ObjectType=27,N,,,,
V-SC_0005,Fuji,,/images/art/portfolio/small/V-SC_0005_2_a.jpg,/images/art/portfolio/large/V-SC_0005_2_a.jpg,/Art/Vessels/;/Art/Vessels/Slipcast/;/Art/;,US/350.00;,US/350.00;,,fuji,,,,,5003,,3,12,,vessel,,,1,0,,Y,N,"porcelain, slip-cast",7 x 12 x 16.53,,2006,/images/art/portfolio/large/V-SC_0005_2_a.jpg;/images/art/portfolio/large/V-SC_0005_2_b.jpg;,Y,N,,,N,N,,N,N,16.5,7,N,Fuji,US/0.00;,,1,,http://baralaye.worldsecuresystems.com/art/fuji,http://baralaye.worldsecuresystems.com/AP.aspx?ID=PUT_AFFILIATEPROGRAMID_HERE&EID=PUT_AFFILIATECRMID_HERE&ObjectID=5041608&ObjectType=27,N,,,,
S-CR_0011,Hughes,"<div class=""quote""><p>I've known rivers ancient as the world and older than the flow of human blood in human veins. My soul has grown deep like the rivers.</p><span class=""att"">The Negro Speaks of Rivers (excerpt) - Langston Hughes</span></div>",/images/art/portfolio/small/S-CR_0011_a.jpg,/images/art/portfolio/large/S-CR_0011_a.jpg,/Art/Sculpture/;/Art/Sculpture/Ceramics/;/Art/;,US/900.00;,US/900.00;,,hughes,,,,,7001,,16.5,16,,sculpture,,1,1,0,,Y,N,terra-cotta,13 x 16 x 16,16.5,2004,/images/art/portfolio/large/S-CR_0011_a.jpg;/images/art/portfolio/large/S-CR_0011_b.jpg;,Y,N,,,N,N,,N,N,16,13,N,Hughes,US/0.00;,,1,,http://baralaye.worldsecuresystems.com/art/hughes,http://baralaye.worldsecuresystems.com/AP.aspx?ID=PUT_AFFILIATEPROGRAMID_HERE&EID=PUT_AFFILIATECRMID_HERE&ObjectID=5041567&ObjectType=27,N,,,,
S-CR_0012,Jehoakim,,/images/art/portfolio/small/S-CR_0012_a.jpg,/images/art/portfolio/large/S-CR_0012_a.jpg,/Art/Sculpture/;/Art/Sculpture/Ceramics/;/Art/;,US/600.00;,US/600.00;,,jehoakim,,,,,7002,,10,7,,sculpture,,1,1,0,,Y,N,"terra-cotta, acrylic surface",5 x 7 x 9,10,2006,/images/art/portfolio/large/S-CR_0012_a.jpg;/images/art/portfolio/large/S-CR_0012_b.jpg;,Y,N,,,N,N,,N,N,9,5,N,Jehoakim,US/0.00;,,1,,http://baralaye.worldsecuresystems.com/art/jehoakim,http://baralaye.worldsecuresystems.com/AP.aspx?ID=PUT_AFFILIATEPROGRAMID_HERE&EID=PUT_AFFILIATECRMID_HERE&ObjectID=5041568&ObjectType=27,N,,,,
S-MT_0002,Jonah,"<p>The prophet Jonah, fleeing from God's commission to warn the inhabitants of Nineveh of coming judgement, boarded a ship instead bound for Tarshih.  He was engulfed by a raging storm and then, upon being cast into the sea, by a large fish. In the fish's belly for three days he cried out to the Lord, accepting his commission, before being released on the shores of Nineveh. At Jonah's warning the Ninevites do repent and are spared from destruction. Jonah, however, is displeased, unable to reconcile God&rsquo;s just judgment with his ultimate mercy.</p><p>In this form the smooth sections of surface, clash when encircled with rippled planes likened to stormy waves. The fin-like protrusions on the piece and subtle striations leading up to its crest suggest the fish that is sent to save Jonah&rsquo;s life. The form&rsquo;s body is twisted, at varying degrees appearing to be turning away or settling back, evoking Jonah&rsquo;s hesitation to obey and ultimate inability to understand God&rsquo;s will.</p><p class=""quote"">In my distress I called to the LORD, and he answered me. From the depths of the grave I called for help, and you listened to my cry.<br />You hurled me into the deep, into the very heart of the seas, and the currents swirled about me; all your waves and breakers swept over me.<br />I said, 'I have been banished from your sight; yet I will look again toward your holy temple.'<br />The engulfing waters threatened me,the deep surrounded me; seaweed was wrapped around my head.<br />To the roots of the mountains I sank down; the earth beneath barred me in forever. But you brought my life up from the pit, O LORD my God.<br /><br /><span class=""att"">Jonah 2:2-6</span></p><ul class=""specs sub""><li>production: <a href=""http://www.excaliburbronzeny.com"" target=""_blank"">Excalibur Sculpture Foundry</a></li><li>photography: <a href=""http://www.joegarrad.com"" target=""_blank"">Joe Garrad</a></li></ul>",/images/art/portfolio/small/S-MT_0002_a.jpg,/images/art/portfolio/large/S-MT_0002_a.jpg,/Art/Sculpture/;/Art/Sculpture/Metal/;/Art/;,US/6000.00;,US/6000.00;,,jonah,,,,,9001,,16,5.5,,sculpture,,3,0,1,,Y,N,"bronze, polished &amp; nickel plated",6 x 6 x 15.5,16,2010,/images/art/portfolio/large/S-MT_0002_a.jpg;/images/art/portfolio/large/S-MT_0002_b.jpg;/images/art/portfolio/large/S-MT_0002_c.jpg;/images/art/portfolio/large/S-MT_0002_d.jpg;/images/art/portfolio/large/S-MT_0002_e.jpg;/images/art/portfolio/large/S-MT_0002_f.jpg;/images/art/portfolio/large/S-MT_0002_g.jpg;/images/art/portfolio/large/S-MT_0002_h.jpg;/images/art/portfolio/large/S-MT_0002_i.jpg;/images/art/portfolio/large/S-MT_0002_j.jpg;,Y,N,,,N,N,,N,N,15,5,N,Jonah,US/0.00;,,1,,http://baralaye.worldsecuresystems.com/art/jonah,http://baralaye.worldsecuresystems.com/AP.aspx?ID=PUT_AFFILIATEPROGRAMID_HERE&EID=PUT_AFFILIATECRMID_HERE&ObjectID=5041589&ObjectType=27,N,,,,
S-CR_0026,Joseph,,/images/art/portfolio/small/S-CR_0026_a.jpg,/images/art/portfolio/large/S-CR_0026_a.jpg,/Art/Sculpture/;/Art/Sculpture/Ceramics/;/Art/;,US/600.00;,US/600.00;,,joseph,,,,,7003,,,,,sculpture,,1,1,0,,Y,N,Stoneware with wax patina.,7.5 x 3.5 x 10.5,3.8,2012,/images/art/portfolio/large/S-CR_0026_a.jpg;/images/art/portfolio/large/S-CR_0026_b.jpg;/images/art/portfolio/large/S-CR_0026_c.jpg;/images/art/portfolio/large/S-CR_0026_d.jpg;/images/art/portfolio/large/S-CR_0026_e.jpg;/images/art/portfolio/large/S-CR_0026_f.jpg;/images/art/portfolio/large/S-CR_0026_g.jpg;/images/art/portfolio/large/S-CR_0026_h.jpg;,Y,N,,,N,N,,N,N,,,N,Joseph,US/0.00;,,1,,http://baralaye.worldsecuresystems.com/art/joseph,http://baralaye.worldsecuresystems.com/AP.aspx?ID=PUT_AFFILIATEPROGRAMID_HERE&EID=PUT_AFFILIATECRMID_HERE&ObjectID=5041582&ObjectType=27,N,,,,
V-PT_0018,Judy,,/images/art/portfolio/small/V-PT_0018_a.jpg,/images/art/portfolio/large/V-PT_0018_a.jpg,/Art/Vessels/;/Art/Vessels/Pottery/;/Art/;,US/500.00;,US/500.00;,,judy,,,,,6001,,4.5,5.5,,vessel,,1,1,0,,N,N,"porcelain, wheel-thrown & slip-trailed, glazed",5.5 x 5.5 x 11,4.5,2006,/images/art/portfolio/large/V-PT_0018_a.jpg;/images/art/portfolio/large/V-PT_0018_b.jpg;,Y,N,,,N,N,,N,N,11,5.5,N,Judy,US/0.00;,,1,,http://baralaye.worldsecuresystems.com/art/judy,http://baralaye.worldsecuresystems.com/AP.aspx?ID=PUT_AFFILIATEPROGRAMID_HERE&EID=PUT_AFFILIATECRMID_HERE&ObjectID=5041595&ObjectType=27,N,,,,
S-MM_0002,Kesiye,"<p>Meaning: The truth cannot be hidden.<br />
Origin: Igbo tribe, Nigeria.</p>
<div class=""quote"">
<p>""Follow your bliss.""</p>
<span class=""att"">- Dad. Various dates</span></div>",/images/art/portfolio/small/S-MM_0002_a.jpg,/images/art/portfolio/large/S-MM_0002_a.jpg,/Art/Sculpture/;/Art/Sculpture/Mixed Media/;/Art/;,US/3000.00;,US/3000.00;,,kesiye,,,,,8001,,20.7,12,,sculpture,,1,1,0,,Y,N,"plaster, clay, metal, wood, foam, wax, found objects, acrylic paint, resin",12 x 12 x 26,20.7,2011,/images/art/portfolio/large/S-MM_0002_a.jpg;/images/art/portfolio/large/S-MM_0002_b.jpg;/images/art/portfolio/large/S-MM_0002_c.jpg;/images/art/portfolio/large/S-MM_0002_d.jpg;/images/art/portfolio/large/S-MM_0002_e.jpg;/images/art/portfolio/large/S-MM_0002_f.jpg;/images/art/portfolio/large/S-MM_0002_g.jpg;/images/art/portfolio/large/S-MM_0002_h.jpg;,Y,N,,,N,N,,N,N,26,12,N,Kesiye,US/0.00;,,1,,http://baralaye.worldsecuresystems.com/art/kesiye,http://baralaye.worldsecuresystems.com/AP.aspx?ID=PUT_AFFILIATEPROGRAMID_HERE&EID=PUT_AFFILIATECRMID_HERE&ObjectID=5041585&ObjectType=27,N,,,,
S-MT_0003,Lazarus,"<p>Lazarus is the brother of sisters Mary Magdalene, whom Christ saved from being stoned to death under the conviction of adultery, and Martha. Christ was an endeared friend to Lazarus as with his siblings and so was called upon with the news of Lazarus&rsquo; sickness and then death. Though Lazarus had already been dead in his tomb for four days by the time Jesus arrived, Christ called him out of death, arising alive and whole as a sign to witnesses of God&rsquo;s miraculous power working through his son and as a foreshadowing of his own redeeming death and resurrection for the salvation of his chosen people.</p><p>The piece&rsquo;s mottled surface represents the decay of Lazarus&rsquo; body. The patches of smoothening surfaces capture his restorative transformation from decayed death to renewed life. The form appears to unwind and torque open and slightly forward, beckoned by the call from darkness to light.</p><p class=""quote"">Then Jesus looked up and said, ""Father, I thank you that you have heard me. I knew that you always hear me, but I said this for the benefit of the people standing here, that they may believe that you sent me.""<br />When he had said this, Jesus called in a loud voice, ""Lazarus, come out!"" The dead man came out, his hands and feet wrapped with strips of linen, and a cloth around his face.<br />Jesus said to them, ""Take off the grave clothes and let him go.""<br />Therefore many of the Jews who had come to visit Mary, and had seen what Jesus did, put their faith in him.<br /><br /><span class=""att"">John 11:41-45</span></p><ul class=""specs sub""><li>production: <a href=""http://www.excaliburbronzeny.com/"" target=""_blank"">Excalibur Sculpture Foundry</a></li><li>photography: <a href=""http://www.joegarrad.com"" target=""_blank"">Joe Garrad</a></li></ul>",/images/art/portfolio/small/S-MT_0003_a.jpg,/images/art/portfolio/large/S-MT_0003_a.jpg,/Art/Sculpture/;/Art/Sculpture/Metal/;/Art/;,US/7000.00;,US/7000.00;,,lazarus,,,,,9002,,28.25,10,,sculpture,,3,1,0,,Y,N,"bronze, polished &amp; nickel plated",10 x 11 x 15,28.25,2010,/images/art/portfolio/large/S-MT_0003_a.jpg;/images/art/portfolio/large/S-MT_0003_b.jpg;/images/art/portfolio/large/S-MT_0003_c.jpg;/images/art/portfolio/large/S-MT_0003_d.jpg;/images/art/portfolio/large/S-MT_0003_e.jpg;/images/art/portfolio/large/S-MT_0003_f.jpg;/images/art/portfolio/large/S-MT_0003_g.jpg;,Y,N,,,N,N,,N,N,14.5,7,N,Lazarus,US/0.00;,,1,,http://baralaye.worldsecuresystems.com/art/lazarus,http://baralaye.worldsecuresystems.com/AP.aspx?ID=PUT_AFFILIATEPROGRAMID_HERE&EID=PUT_AFFILIATECRMID_HERE&ObjectID=5041590&ObjectType=27,N,,,,
V-SC_0004,Miles,,/images/art/portfolio/small/V-SC_0004_a.jpg,/images/art/portfolio/large/V-SC_0004_a.jpg,/Art/Vessels/;/Art/Vessels/Slipcast/;/Art/;,US/250.00;,US/250.00;,,miles,,,,,5003,,2.5,6,,vessel,,,1,0,,Y,N,"porcelain, slip-cast",6 x 6 x 15.5,2.5,2006,/images/art/portfolio/large/V-SC_0004_a.jpg;/images/art/portfolio/large/V-SC_0004_b.jpg;/images/art/portfolio/large/V-SC_0004_c.jpg;/images/art/portfolio/large/V-SC_0004_d.jpg;/images/art/portfolio/large/V-SC_0004_e.jpg;,Y,N,,,N,N,,N,N,15.5,6,N,Miles,US/0.00;,,1,,http://baralaye.worldsecuresystems.com/art/miles,http://baralaye.worldsecuresystems.com/AP.aspx?ID=PUT_AFFILIATEPROGRAMID_HERE&EID=PUT_AFFILIATECRMID_HERE&ObjectID=5041607&ObjectType=27,N,,,,
V-PT_0019,Naima,,/images/art/portfolio/small/V-PT_0019_a.jpg,/images/art/portfolio/large/V-PT_0019_a.jpg,/Art/Vessels/;/Art/Vessels/Pottery/;/Art/;,US/500.00;,US/500.00;,,naima,,,,,6002,,3.15,5.5,,vessel,,1,1,0,,Y,N,"porcelain, wheel-thrown, slip-trailed, burnished",5.5 x 5.5 x 10.5,3,2006,/images/art/portfolio/large/V-PT_0019_a.jpg;/images/art/portfolio/large/V-PT_0019_b.jpg;,Y,N,,,N,N,,N,N,10.5,5.5,N,Naima,US/0.00;,,1,,http://baralaye.worldsecuresystems.com/art/naima,http://baralaye.worldsecuresystems.com/AP.aspx?ID=PUT_AFFILIATEPROGRAMID_HERE&EID=PUT_AFFILIATECRMID_HERE&ObjectID=5041596&ObjectType=27,N,,,,
S-MT-006,Saul,"<p class=""quote"">But he said to me, &ldquo;My grace is sufficient for you, for my power is made perfect in weakness.&rdquo; Therefore I will boast all the more gladly of my weaknesses, so that the power of Christ may rest upon me. For the sake of Christ, then, I am content with weaknesses, insults, hardships, persecutions, and calamities. For when I am weak, then I am strong.<br />
<br />
<span class=""att"">2 Corinthians 12:9-10</span></p>",/images/art/portfolio/small/S-MT_0006_a.jpg,/images/art/portfolio/large/S-MT_0006_a.jpg,/Art/Sculpture/;/Art/Sculpture/Metal/;/Art/;,US/30000.00;,US/0.00;,,saul,,,,,9006,,,,,,1,1,1,0,,Y,N,"Cast bronze, polished & laser gold plated",13.5 x 7 x 20,,2013,/images/art/portfolio/large/S-MT_0006_a.jpg;/images/art/portfolio/large/S-MT_0006_c.jpg;/images/art/portfolio/large/S-MT_0006_d.jpg;/images/art/portfolio/large/S-MT_0006_f.jpg;/images/art/portfolio/large/S-MT_0006_g.jpg;/images/art/portfolio/large/S-MT_0006_h.jpg;/images/art/portfolio/large/S-MT_0006_j.jpg;/images/art/portfolio/large/S-MT_0006_k.jpg;/images/art/portfolio/large/S-MT_0006_m.jpg;/images/art/portfolio/large/S-MT_0006_n.jpg;,Y,N,,,N,N,,N,N,,,N,Saul,US/0.00;,,1,,http://baralaye.worldsecuresystems.com/art/saul,http://baralaye.worldsecuresystems.com/AP.aspx?ID=PUT_AFFILIATEPROGRAMID_HERE&EID=PUT_AFFILIATECRMID_HERE&ObjectID=5545346&ObjectType=27,N,,,,
PG_0003,Sometimes,,/images/art/portfolio/small/PG_0003.jpg,/images/art/portfolio/large/PG_0003.jpg,/Paintings/;,US/800.00;,US/800.00;,,sometimes,,,,,2001,,2.5,48,,painting,,1,1,0,,Y,N,"acrylic paint, mixed media",48 x 1 x 12,7,2009,,Y,N,,,N,N,,N,N,12,1,N,Sometimes,US/0.00;,,1,,http://baralaye.worldsecuresystems.com/Paintings/sometimes,http://baralaye.worldsecuresystems.com/AP.aspx?ID=PUT_AFFILIATEPROGRAMID_HERE&EID=PUT_AFFILIATECRMID_HERE&ObjectID=5041564&ObjectType=27,N,,,,
S-CR_0009,Trane,"<div class=""quote""><p>Over all, I think the main thing a musician would like to do is give a picture to the listener of the many wonderful things that he knows of and senses in the universe.</p><span class=""att"">- John Coltrane</span></div>",/images/art/portfolio/small/S-CR_0009_a.jpg,/images/art/portfolio/large/S-CR_0009_a.jpg,/Art/Sculpture/;/Art/Sculpture/Ceramics/;/Art/;,US/700.00;,US/700.00;,,trane,,,,,7001,,4.5,7,,sculpture,,1,1,0,,Y,N,terra-cotta,7 x 7 x 7,4.5,2004,/images/art/portfolio/large/S-CR_0009_a.jpg;/images/art/portfolio/large/S-CR_0009_b.jpg;,Y,N,,,N,N,,N,N,7,7,N,Trane,US/0.00;,,1,,http://baralaye.worldsecuresystems.com/art/trane,http://baralaye.worldsecuresystems.com/AP.aspx?ID=PUT_AFFILIATEPROGRAMID_HERE&EID=PUT_AFFILIATECRMID_HERE&ObjectID=5041565&ObjectType=27,N,,,,
S-CR_0015,Udumelue,"<p>Meaning: Crowned with honor and pride<br />Origin: Yuroba tribe, Nigeria.</p>",/images/art/portfolio/small/S-CR_0015_a.jpg,/images/art/portfolio/large/S-CR_0015_a.jpg,/Art/Sculpture/;/Art/Sculpture/Ceramics/;/Art/;,US/2000.00;,US/2000.00;,,udumelue,,,,,7004,,14.4,14.5,,sculpture,,1,1,0,,Y,N,"stoneware, anagama fired",6.5 x 14.5 x 17.5,14.4,2011,/images/art/portfolio/large/S-CR_0015_a.jpg;/images/art/portfolio/large/S-CR_0015_b.jpg;/images/art/portfolio/large/S-CR_0015_c.jpg;/images/art/portfolio/large/S-CR_0015_d.jpg;/images/art/portfolio/large/S-CR_0015_e.jpg;/images/art/portfolio/large/S-CR_0015_f.jpg;/images/art/portfolio/large/S-CR_0015_g.jpg;/images/art/portfolio/large/S-CR_0015_h.jpg;,Y,N,,,N,N,,N,N,17.5,6.5,N,Udumelue,US/0.00;,,1,,http://baralaye.worldsecuresystems.com/art/udumelue,http://baralaye.worldsecuresystems.com/AP.aspx?ID=PUT_AFFILIATEPROGRAMID_HERE&EID=PUT_AFFILIATECRMID_HERE&ObjectID=5041571&ObjectType=27,N,,,,
DW_0014,Untitled,,/images/art/portfolio/small/DW_0014.jpg,/images/art/portfolio/large/DW_0014.jpg,/Art/Drawings/;/Art/;,US/400.00;,US/400.00;,,dw-0014,,,,,4001,,,,,drawing,,1,1,0,,Y,N,acrylic and graphite on wood panel,11 x 1 x 14,1.6,2012,,Y,N,,,N,N,,N,N,,,N,Untitled,US/0.00;,,1,,http://baralaye.worldsecuresystems.com/art/dw-0014,http://baralaye.worldsecuresystems.com/AP.aspx?ID=PUT_AFFILIATEPROGRAMID_HERE&EID=PUT_AFFILIATECRMID_HERE&ObjectID=5041554&ObjectType=27,N,,,,
DW_0015,Untitled,,/images/art/portfolio/small/DW_0015.jpg,/images/art/portfolio/large/DW_0015.jpg,/Art/Drawings/;/Art/;,US/400.00;,US/400.00;,,dw-0015,,,,,4001,,,,,drawing,,1,1,0,,Y,N,acrylic and graphite on wood panel,11 x 1 x 14,1.6,2012,,Y,N,,,N,N,,N,N,,,N,Untitled,US/0.00;,,1,,http://baralaye.worldsecuresystems.com/art/dw-0015,http://baralaye.worldsecuresystems.com/AP.aspx?ID=PUT_AFFILIATEPROGRAMID_HERE&EID=PUT_AFFILIATECRMID_HERE&ObjectID=5041555&ObjectType=27,N,,,,
DW_0016,Untitled,,/images/art/portfolio/small/DW_0016.jpg,/images/art/portfolio/large/DW_0016.jpg,/Art/Drawings/;/Art/;,US/400.00;,US/400.00;,,dw-0016,,,,,4001,,,,,drawing,,1,1,0,,Y,N,acrylic and graphite on wood panel,11 x 1 x 14,1.6,2012,,Y,N,,,N,N,,N,N,,,N,Untitled,US/0.00;,,1,,http://baralaye.worldsecuresystems.com/art/dw-0016,http://baralaye.worldsecuresystems.com/AP.aspx?ID=PUT_AFFILIATEPROGRAMID_HERE&EID=PUT_AFFILIATECRMID_HERE&ObjectID=5041556&ObjectType=27,N,,,,
DW_0017,Untitled,,/images/art/portfolio/small/DW_0017.jpg,/images/art/portfolio/large/DW_0017.jpg,/Art/Drawings/;/Art/;,US/400.00;,US/400.00;,,dw-0017,,,,,4001,,,,,drawing,,1,1,0,,Y,N,acrylic and graphite on wood panel,11 x 1 x 14,1.6,2012,,Y,N,,,N,N,,N,N,,,N,Untitled,US/0.00;,,1,,http://baralaye.worldsecuresystems.com/art/dw-0017,http://baralaye.worldsecuresystems.com/AP.aspx?ID=PUT_AFFILIATEPROGRAMID_HERE&EID=PUT_AFFILIATECRMID_HERE&ObjectID=5041557&ObjectType=27,N,,,,
DW_0018,Untitled,,/images/art/portfolio/small/DW_0018.jpg,/images/art/portfolio/large/DW_0018.jpg,/Art/Drawings/;/Art/;,US/400.00;,US/400.00;,,dw-0018,,,,,4001,,,,,drawing,,1,1,0,,Y,N,acrylic and graphite on wood panel,11 x 1 x 14,1.6,2012,,Y,N,,,N,N,,N,N,,,N,Untitled,US/0.00;,,1,,http://baralaye.worldsecuresystems.com/art/dw-0018,http://baralaye.worldsecuresystems.com/AP.aspx?ID=PUT_AFFILIATEPROGRAMID_HERE&EID=PUT_AFFILIATECRMID_HERE&ObjectID=5041558&ObjectType=27,N,,,,
DW_0019,Untitled,,/images/art/portfolio/small/DW_0019.jpg,/images/art/portfolio/large/DW_0019.jpg,/Art/Drawings/;/Art/;,US/400.00;,US/400.00;,,dw-0019,,,,,4001,,,,,drawing,,1,1,0,,Y,N,acrylic and graphite on wood panel,12 x 1 x 12,1.6,2012,,Y,N,,,N,N,,N,N,,,N,Untitled,US/0.00;,,1,,http://baralaye.worldsecuresystems.com/art/dw-0019,http://baralaye.worldsecuresystems.com/AP.aspx?ID=PUT_AFFILIATEPROGRAMID_HERE&EID=PUT_AFFILIATECRMID_HERE&ObjectID=5041559&ObjectType=27,N,,,,
DW_0020,Untitled,,/images/art/portfolio/small/DW_0020.jpg,/images/art/portfolio/large/DW_0020.jpg,/Art/Drawings/;/Art/;,US/400.00;,US/400.00;,,dw-0020,,,,,4001,,,,,drawing,,1,1,0,,Y,N,acrylic and graphite on wood panel,12 x 1 x 12,1.6,2012,,Y,N,,,N,N,,N,N,,,N,Untitled,US/0.00;,,1,,http://baralaye.worldsecuresystems.com/art/dw-0020,http://baralaye.worldsecuresystems.com/AP.aspx?ID=PUT_AFFILIATEPROGRAMID_HERE&EID=PUT_AFFILIATECRMID_HERE&ObjectID=5041560&ObjectType=27,N,,,,
DW_0021,Untitled,,/images/art/portfolio/small/DW_0021.jpg,/images/art/portfolio/large/DW_0021.jpg,/Art/Drawings/;/Art/;,US/400.00;,US/400.00;,,dw-0021,,,,,4001,,,,,drawing,,1,1,0,,Y,N,acrylic and graphite on wood panel,12 x 1 x 12,1.6,2012,,Y,N,,,N,N,,N,N,,,N,Untitled,US/0.00;,,1,,http://baralaye.worldsecuresystems.com/art/dw-0021,http://baralaye.worldsecuresystems.com/AP.aspx?ID=PUT_AFFILIATEPROGRAMID_HERE&EID=PUT_AFFILIATECRMID_HERE&ObjectID=5041561&ObjectType=27,N,,,,
DW_0022,Untitled,,/images/art/portfolio/small/DW_0022.jpg,/images/art/portfolio/large/DW_0022.jpg,/Art/Drawings/;/Art/;,US/400.00;,US/400.00;,,dw-0022,,,,,4001,,,,,drawing,,1,1,0,,Y,N,acrylic and graphite on wood panel,12 x 1 x 12,1.6,2012,,Y,N,,,N,N,,N,N,,,N,Untitled,US/0.00;,,1,,http://baralaye.worldsecuresystems.com/art/dw-0022,http://baralaye.worldsecuresystems.com/AP.aspx?ID=PUT_AFFILIATEPROGRAMID_HERE&EID=PUT_AFFILIATECRMID_HERE&ObjectID=5041562&ObjectType=27,N,,,,
DW_0023,Untitled,,/images/art/portfolio/small/DW_0023.jpg,/images/art/portfolio/large/DW_0023.jpg,/Art/Drawings/;/Art/;,US/400.00;,US/400.00;,,dw-0023,,,,,4001,,,,,drawing,,1,1,0,,Y,N,acrylic and graphite on wood panel,12 x 1 x 12,1.6,2012,,Y,N,,,N,N,,N,N,,,N,Untitled,US/0.00;,,1,,http://baralaye.worldsecuresystems.com/art/dw-0023,http://baralaye.worldsecuresystems.com/AP.aspx?ID=PUT_AFFILIATEPROGRAMID_HERE&EID=PUT_AFFILIATECRMID_HERE&ObjectID=5041563&ObjectType=27,N,,,,
S-CR_0017,Untitled,,/images/art/portfolio/small/S-CR_0017_a.jpg,/images/art/portfolio/large/S-CR_0017_a.jpg,/Art/Sculpture/;/Art/Sculpture/Ceramics/;/Art/;,US/600.00;,US/600.00;,,s-cr-0017,,,,,7005,,,,,sculpture,,1,1,0,,Y,N,Stoneware with wax patina.,7 x 5 x 10.5,5.2,2012,/images/art/portfolio/large/S-CR_0017_a.jpg;/images/art/portfolio/large/S-CR_0017_b.jpg;/images/art/portfolio/large/S-CR_0017_c.jpg;/images/art/portfolio/large/S-CR_0017_d.jpg;/images/art/portfolio/large/S-CR_0017_e.jpg;/images/art/portfolio/large/S-CR_0017_f.jpg;/images/art/portfolio/large/S-CR_0017_g.jpg;/images/art/portfolio/large/S-CR_0017_h.jpg;,Y,N,,,N,N,,N,N,,,N,Untitled,US/0.00;,,1,,http://baralaye.worldsecuresystems.com/art/s-cr-0017,http://baralaye.worldsecuresystems.com/AP.aspx?ID=PUT_AFFILIATEPROGRAMID_HERE&EID=PUT_AFFILIATECRMID_HERE&ObjectID=5041573&ObjectType=27,N,,,,
S-CR_0018,Untitled,,/images/art/portfolio/small/S-CR_0018_a.jpg,/images/art/portfolio/large/S-CR_0018_a.jpg,/Art/Sculpture/;/Art/Sculpture/Ceramics/;/Art/;,US/600.00;,US/600.00;,,s-cr-0018,,,,,7005,,,,,sculpture,,1,1,0,,Y,N,Stoneware with wax patina.,8.5 x 3 x 10.5,5.7,2012,/images/art/portfolio/large/S-CR_0018_a.jpg;/images/art/portfolio/large/S-CR_0018_b.jpg;/images/art/portfolio/large/S-CR_0018_c.jpg;/images/art/portfolio/large/S-CR_0018_d.jpg;/images/art/portfolio/large/S-CR_0018_e.jpg;/images/art/portfolio/large/S-CR_0018_f.jpg;/images/art/portfolio/large/S-CR_0018_g.jpg;/images/art/portfolio/large/S-CR_0018_h.jpg;,Y,N,,,N,N,,N,N,,,N,Untitled,US/0.00;,,1,,http://baralaye.worldsecuresystems.com/art/s-cr-0018,http://baralaye.worldsecuresystems.com/AP.aspx?ID=PUT_AFFILIATEPROGRAMID_HERE&EID=PUT_AFFILIATECRMID_HERE&ObjectID=5041574&ObjectType=27,N,,,,
S-CR_0019,Untitled,,/images/art/portfolio/small/S-CR_0019_a.jpg,/images/art/portfolio/large/S-CR_0019_a.jpg,/Art/Sculpture/;/Art/Sculpture/Ceramics/;/Art/;,US/600.00;,US/600.00;,,s-cr-0019,,,,,7005,,,,,sculpture,,1,1,0,,Y,N,Stoneware with wax patina.,7.5 x 3.5 x 10.5,5.2,2012,/images/art/portfolio/large/S-CR_0019_a.jpg;/images/art/portfolio/large/S-CR_0019_b.jpg;/images/art/portfolio/large/S-CR_0019_c.jpg;/images/art/portfolio/large/S-CR_0019_d.jpg;/images/art/portfolio/large/S-CR_0019_e.jpg;/images/art/portfolio/large/S-CR_0019_f.jpg;/images/art/portfolio/large/S-CR_0019_g.jpg;/images/art/portfolio/large/S-CR_0019_h.jpg;,Y,N,,,N,N,,N,N,,,N,Untitled,US/0.00;,,1,,http://baralaye.worldsecuresystems.com/art/s-cr-0019,http://baralaye.worldsecuresystems.com/AP.aspx?ID=PUT_AFFILIATEPROGRAMID_HERE&EID=PUT_AFFILIATECRMID_HERE&ObjectID=5041575&ObjectType=27,N,,,,
S-CR_0020,Untitled,,/images/art/portfolio/small/S-CR_0020_a.jpg,/images/art/portfolio/large/S-CR_0020_a.jpg,/Art/Sculpture/;/Art/Sculpture/Ceramics/;/Art/;,US/600.00;,US/600.00;,,s-cr-0020,,,,,7005,,,,,sculpture,,1,0,0,,Y,N,Stoneware with wax patina.,9 x 3 x 13,4.8,2012,/images/art/portfolio/large/S-CR_0020_a.jpg;/images/art/portfolio/large/S-CR_0020_b.jpg;/images/art/portfolio/large/S-CR_0020_c.jpg;/images/art/portfolio/large/S-CR_0020_d.jpg;/images/art/portfolio/large/S-CR_0020_e.jpg;/images/art/portfolio/large/S-CR_0020_f.jpg;/images/art/portfolio/large/S-CR_0020_g.jpg;/images/art/portfolio/large/S-CR_0020_h.jpg;,Y,N,,,N,N,,N,N,,,N,Untitled,US/0.00;,,1,,http://baralaye.worldsecuresystems.com/art/s-cr-0020,http://baralaye.worldsecuresystems.com/AP.aspx?ID=PUT_AFFILIATEPROGRAMID_HERE&EID=PUT_AFFILIATECRMID_HERE&ObjectID=5041576&ObjectType=27,N,,,,
S-CR_0021,Untitled,,/images/art/portfolio/small/S-CR_0021_a.jpg,/images/art/portfolio/large/S-CR_0021_a.jpg,/Art/Sculpture/;/Art/Sculpture/Ceramics/;/Art/;,US/600.00;,US/600.00;,,s-cr-0021,,,,,7005,,,,,sculpture,,1,0,0,,Y,N,Stoneware with wax patina.,9 x4.5 x 12.5,6.2,2012,/images/art/portfolio/large/S-CR_0021_a.jpg;/images/art/portfolio/large/S-CR_0021_b.jpg;/images/art/portfolio/large/S-CR_0021_c.jpg;/images/art/portfolio/large/S-CR_0021_d.jpg;/images/art/portfolio/large/S-CR_0021_e.jpg;/images/art/portfolio/large/S-CR_0021_f.jpg;/images/art/portfolio/large/S-CR_0021_g.jpg;/images/art/portfolio/large/S-CR_0021_h.jpg;,Y,N,,,N,N,,N,N,,,N,Untitled,US/0.00;,,1,,http://baralaye.worldsecuresystems.com/art/s-cr-0021,http://baralaye.worldsecuresystems.com/AP.aspx?ID=PUT_AFFILIATEPROGRAMID_HERE&EID=PUT_AFFILIATECRMID_HERE&ObjectID=5041577&ObjectType=27,N,,,,
S-CR_0022,Untitled,,/images/art/portfolio/small/S-CR_0022_a.jpg,/images/art/portfolio/large/S-CR_0022_a.jpg,/Art/Sculpture/;/Art/Sculpture/Ceramics/;/Art/;,US/600.00;,US/600.00;,,s-cr-0022,,,,,7005,,,,,sculpture,,1,1,0,,Y,N,Stoneware with wax patina.,7.5 x 4.5 x 10,4,2012,/images/art/portfolio/large/S-CR_0022_a.jpg;/images/art/portfolio/large/S-CR_0022_b.jpg;/images/art/portfolio/large/S-CR_0022_c.jpg;/images/art/portfolio/large/S-CR_0022_d.jpg;/images/art/portfolio/large/S-CR_0022_e.jpg;/images/art/portfolio/large/S-CR_0022_f.jpg;/images/art/portfolio/large/S-CR_0022_g.jpg;/images/art/portfolio/large/S-CR_0022_h.jpg;,Y,N,,,N,N,,N,N,,,N,Untitled,US/0.00;,,1,,http://baralaye.worldsecuresystems.com/art/s-cr-0022,http://baralaye.worldsecuresystems.com/AP.aspx?ID=PUT_AFFILIATEPROGRAMID_HERE&EID=PUT_AFFILIATECRMID_HERE&ObjectID=5041578&ObjectType=27,N,,,,
S-CR_0023,Untitled,,/images/art/portfolio/small/S-CR_0023_a.jpg,/images/art/portfolio/large/S-CR_0023_a.jpg,/Art/Sculpture/;/Art/Sculpture/Ceramics/;/Art/;,US/600.00;,US/600.00;,,s-cr-0023,,,,,7005,,,,,sculpture,,1,1,0,,Y,N,Stoneware with wax patina.,7 x 3 x 10,3.5,2012,/images/art/portfolio/large/S-CR_0023_a.jpg;/images/art/portfolio/large/S-CR_0023_b.jpg;/images/art/portfolio/large/S-CR_0023_c.jpg;/images/art/portfolio/large/S-CR_0023_d.jpg;/images/art/portfolio/large/S-CR_0023_e.jpg;/images/art/portfolio/large/S-CR_0023_f.jpg;/images/art/portfolio/large/S-CR_0023_g.jpg;/images/art/portfolio/large/S-CR_0023_h.jpg;,Y,N,,,N,N,,N,N,,,N,Untitled,US/0.00;,,1,,http://baralaye.worldsecuresystems.com/art/s-cr-0023,http://baralaye.worldsecuresystems.com/AP.aspx?ID=PUT_AFFILIATEPROGRAMID_HERE&EID=PUT_AFFILIATECRMID_HERE&ObjectID=5041579&ObjectType=27,N,,,,
S-CR_0024,Untitled,,/images/art/portfolio/small/S-CR_0024_a.jpg,/images/art/portfolio/large/S-CR_0024_a.jpg,/Art/Sculpture/;/Art/Sculpture/Ceramics/;/Art/;,US/600.00;,US/600.00;,,s-cr-0024,,,,,7005,,,,,sculpture,,1,1,0,,Y,N,Stoneware with wax patina.,12.5 x 5 x 11.5,5.5,2012,/images/art/portfolio/large/S-CR_0024_a.jpg;/images/art/portfolio/large/S-CR_0024_b.jpg;/images/art/portfolio/large/S-CR_0024_c.jpg;/images/art/portfolio/large/S-CR_0024_d.jpg;/images/art/portfolio/large/S-CR_0024_e.jpg;/images/art/portfolio/large/S-CR_0024_f.jpg;/images/art/portfolio/large/S-CR_0024_g.jpg;/images/art/portfolio/large/S-CR_0024_h.jpg;,Y,N,,,N,N,,N,N,,,N,Untitled,US/0.00;,,1,,http://baralaye.worldsecuresystems.com/art/s-cr-0024,http://baralaye.worldsecuresystems.com/AP.aspx?ID=PUT_AFFILIATEPROGRAMID_HERE&EID=PUT_AFFILIATECRMID_HERE&ObjectID=5041580&ObjectType=27,N,,,,
S-CR_0025,Untitled,,/images/art/portfolio/small/S-CR_0025_a.jpg,/images/art/portfolio/large/S-CR_0025_a.jpg,/Art/Sculpture/;/Art/Sculpture/Ceramics/;/Art/;,US/600.00;,US/600.00;,,s-cr-0025,,,,,7005,,,,,sculpture,,1,1,0,,Y,N,Stoneware with wax patina.,7.5 x 4 x 11,5.2,2012,/images/art/portfolio/large/S-CR_0025_a.jpg;/images/art/portfolio/large/S-CR_0025_b.jpg;/images/art/portfolio/large/S-CR_0025_c.jpg;/images/art/portfolio/large/S-CR_0025_d.jpg;/images/art/portfolio/large/S-CR_0025_e.jpg;/images/art/portfolio/large/S-CR_0025_f.jpg;/images/art/portfolio/large/S-CR_0025_g.jpg;/images/art/portfolio/large/S-CR_0025_h.jpg;,Y,N,,,N,N,,N,N,,,N,Untitled,US/0.00;,,1,,http://baralaye.worldsecuresystems.com/art/s-cr-0025,http://baralaye.worldsecuresystems.com/AP.aspx?ID=PUT_AFFILIATEPROGRAMID_HERE&EID=PUT_AFFILIATECRMID_HERE&ObjectID=5041581&ObjectType=27,N,,,,
S-CR_0027,Untitled,,/images/art/portfolio/small/S-CR_0027_a.jpg,/images/art/portfolio/large/S-CR_0027_a.jpg,/Art/Sculpture/;/Art/Sculpture/Ceramics/;/Art/;,US/600.00;,US/600.00;,,s-cr-0027,,,,,7005,,,,,sculpture,,1,1,0,,Y,N,Stoneware with wax patina.,7.5 x 4.5 x 12.5,5.8,2012,/images/art/portfolio/large/S-CR_0027_a.jpg;/images/art/portfolio/large/S-CR_0027_a.jpg;/images/art/portfolio/large/S-CR_0027_b.jpg;/images/art/portfolio/large/S-CR_0027_c.jpg;/images/art/portfolio/large/S-CR_0027_d.jpg;/images/art/portfolio/large/S-CR_0027_e.jpg;/images/art/portfolio/large/S-CR_0027_f.jpg;/images/art/portfolio/large/S-CR_0017_g.jpg;/images/art/portfolio/large/S-CR_0017_h.jpg;,Y,N,,,N,N,,N,N,,,N,Untitled,US/0.00;,,1,,http://baralaye.worldsecuresystems.com/art/s-cr-0027,http://baralaye.worldsecuresystems.com/AP.aspx?ID=PUT_AFFILIATEPROGRAMID_HERE&EID=PUT_AFFILIATECRMID_HERE&ObjectID=5041583&ObjectType=27,N,,,,
V-PT_0020,Untitled,,/images/art/portfolio/small/V-PT_0020_b.jpg,/images/art/portfolio/large/V-PT_0020_b.jpg,/Art/Vessels/;/Art/Vessels/Pottery/;/Art/;,US/500.00;,US/500.00;,,v-pt-0020,,,,,6008,,2.4,5.5,,vessel,,1,1,0,,Y,N,"stoneware, anagama fired",5 x 5.5 x 12,2.4,2011,/images/art/portfolio/large/V-PT_0020_a.jpg;/images/art/portfolio/large/V-PT_0020_b.jpg;,Y,N,,,N,N,,N,N,12,5,N,Untitled,US/0.00;,,1,,http://baralaye.worldsecuresystems.com/art/v-pt-0020,http://baralaye.worldsecuresystems.com/AP.aspx?ID=PUT_AFFILIATEPROGRAMID_HERE&EID=PUT_AFFILIATECRMID_HERE&ObjectID=5041597&ObjectType=27,N,,,,
V-PT_0021,Untitled,,/images/art/portfolio/small/V-PT_0021_b.jpg,/images/art/portfolio/large/V-PT_0021_b.jpg,/Art/Vessels/;/Art/Vessels/Pottery/;/Art/;,US/500.00;,US/500.00;,,v-pt-0021,,,,,6007,,2.4,5,,vessel,,1,0,0,,Y,N,"stoneware, anagama fired",5 x 5 x 11.5,2.4,2011,/images/art/portfolio/large/V-PT_0021_a.jpg;/images/art/portfolio/large/V-PT_0021_b.jpg;,Y,N,,,N,N,,N,N,11.5,5,N,Untitled,US/0.00;,,1,,http://baralaye.worldsecuresystems.com/art/v-pt-0021,http://baralaye.worldsecuresystems.com/AP.aspx?ID=PUT_AFFILIATEPROGRAMID_HERE&EID=PUT_AFFILIATECRMID_HERE&ObjectID=5041598&ObjectType=27,N,,,,
V-PT_0023,Untitled,,/images/art/portfolio/small/V-PT_0023_b.jpg,/images/art/portfolio/large/V-PT_0023_b.jpg,/Art/Vessels/;/Art/Vessels/Pottery/;/Art/;,US/500.00;,US/500.00;,,v-pt-0023,,,,,6006,,2.9,5.5,,vessel,,1,1,0,,Y,N,"stoneware, anagama fired",5 x 5.5 x 14,2.9,2011,/images/art/portfolio/large/V-PT_0023_a.jpg;/images/art/portfolio/large/V-PT_0023_b.jpg;/images/art/portfolio/large/V-PT_0023_c.jpg;/images/art/portfolio/large/V-PT_0023_d.jpg;/images/art/portfolio/large/V-PT_0023_e.jpg;,Y,N,,,N,N,,N,N,14,5,N,Untitled,US/0.00;,,1,,http://baralaye.worldsecuresystems.com/art/v-pt-0023,http://baralaye.worldsecuresystems.com/AP.aspx?ID=PUT_AFFILIATEPROGRAMID_HERE&EID=PUT_AFFILIATECRMID_HERE&ObjectID=5041599&ObjectType=27,N,,,,
V-PT_0024,Untitled,,/images/art/portfolio/small/V-PT_0024_b.jpg,/images/art/portfolio/large/V-PT_0024_b.jpg,/Art/Vessels/;/Art/Vessels/Pottery/;/Art/;,US/500.00;,US/500.00;,,v-pt-0024,,,,,6005,,3.1,6,,vessel,,1,1,0,,Y,N,"stoneware, anagama fired",5.5 x 6 x 15,3.1,2011,/images/art/portfolio/large/V-PT_0024_a.jpg;/images/art/portfolio/large/V-PT_0024_b.jpg;/images/art/portfolio/large/V-PT_0024_c.jpg;,Y,N,,,N,N,,N,N,15,5.5,N,Untitled,US/0.00;,,1,,http://baralaye.worldsecuresystems.com/art/v-pt-0024,http://baralaye.worldsecuresystems.com/AP.aspx?ID=PUT_AFFILIATEPROGRAMID_HERE&EID=PUT_AFFILIATECRMID_HERE&ObjectID=5041600&ObjectType=27,N,,,,
V-PT_0025,Untitled,,/images/art/portfolio/small/V-PT_0025_a.jpg,/images/art/portfolio/large/V-PT_0025_a.jpg,/Art/Vessels/;/Art/Vessels/Pottery/;/Art/;,US/500.00;,US/500.00;,,v-pt-0025,,,,,6004,,3.3,6,,vessel,,1,1,0,,Y,N,"stoneware, anagama fired",5 x 6 x 15.5,3.3,2011,/images/art/portfolio/large/V-PT_0025_a.jpg;/images/art/portfolio/large/V-PT_0025_b.jpg;,Y,N,,,N,N,,N,N,15.5,5,N,Untitled,US/0.00;,,1,,http://baralaye.worldsecuresystems.com/art/v-pt-0025,http://baralaye.worldsecuresystems.com/AP.aspx?ID=PUT_AFFILIATEPROGRAMID_HERE&EID=PUT_AFFILIATECRMID_HERE&ObjectID=5041601&ObjectType=27,N,,,,
V-PT_0026,Untitled,,/images/art/portfolio/small/V-PT_0026_a.jpg,/images/art/portfolio/large/V-PT_0026_a.jpg,/Art/Vessels/;/Art/Vessels/Pottery/;/Art/;,US/500.00;,US/500.00;,,v-pt-0026,,,,,6003,,2.5,5.5,,vessel,,1,1,0,,Y,N,"stoneware, anagama fired",5 x 5.5 x 12.5,2.5,2006,/images/art/portfolio/large/V-PT_0026_a.jpg;/images/art/portfolio/large/V-PT_0026_b.jpg;/images/art/portfolio/large/V-PT_0026_c.jpg;/images/art/portfolio/large/V-PT_0026_d.jpg;,Y,N,,,N,N,,N,N,12.5,5,N,Untitled,US/0.00;,,1,,http://baralaye.worldsecuresystems.com/art/v-pt-0026,http://baralaye.worldsecuresystems.com/AP.aspx?ID=PUT_AFFILIATEPROGRAMID_HERE&EID=PUT_AFFILIATECRMID_HERE&ObjectID=5041602&ObjectType=27,N,,,,
V-PT_0027,Untitled,,/images/art/portfolio/small/V-PT_0027_a.jpg,/images/art/portfolio/large/V-PT_0027_a.jpg,/Art/Vessels/;/Art/Vessels/Pottery/;/Art/;,US/500.00;,US/500.00;,,v-pt-0027,,,,,6003,,2.5,5.5,,vessel,,1,1,0,,Y,N,"stoneware, anagama fired",5 x 5.5 x 15,2.5,2006,/images/art/portfolio/large/V-PT_0027_a.jpg;/images/art/portfolio/large/V-PT_0027_b.jpg;,Y,N,,,N,N,,N,N,15,5,N,Untitled,US/0.00;,,1,,http://baralaye.worldsecuresystems.com/art/v-pt-0027,http://baralaye.worldsecuresystems.com/AP.aspx?ID=PUT_AFFILIATEPROGRAMID_HERE&EID=PUT_AFFILIATECRMID_HERE&ObjectID=5041603&ObjectType=27,N,,,,
DW-S_0002,Untitled,,/images/art/portfolio/small/DW-S_0002.jpg,/images/art/portfolio/large/DW-S_0002.jpg,/Art/Drawings/Prints/;/Art/;,US/50.00;,US/50.00;,,dw-s-0002,,,,,3001,,,,,print,,50,1,0,,Y,N,graphite and paper,11 x .1 x 14,,2010,,Y,N,,,N,N,,N,N,,,N,Untitled,US/0.00;,,1,,http://baralaye.worldsecuresystems.com/art/dw-s-0002,http://baralaye.worldsecuresystems.com/AP.aspx?ID=PUT_AFFILIATEPROGRAMID_HERE&EID=PUT_AFFILIATECRMID_HERE&ObjectID=5043063&ObjectType=27,N,,,,
DW-S_0003,Untitled,,/images/art/portfolio/small/DW-S_0003.jpg,/images/art/portfolio/large/DW-S_0003.jpg,/Art/Drawings/Prints/;/Art/;,US/50.00;,US/50.00;,,dw-s-0003,,,,,3001,,,,,print,,50,1,0,,Y,N,graphite and paper,11 x .1 x 14,,2010,,Y,N,,,N,N,,N,N,,,N,Untitled,US/0.00;,,1,,http://baralaye.worldsecuresystems.com/art/dw-s-0003,http://baralaye.worldsecuresystems.com/AP.aspx?ID=PUT_AFFILIATEPROGRAMID_HERE&EID=PUT_AFFILIATECRMID_HERE&ObjectID=5043064&ObjectType=27,N,,,,
DW-S_0004,Untitled,,/images/art/portfolio/small/DW-S_0004.jpg,/images/art/portfolio/large/DW-S_0004.jpg,/Art/Drawings/Prints/;/Art/;,US/50.00;,US/50.00;,,dw-s-0004,,,,,3001,,,,,print,,50,1,0,,Y,N,graphite and paper,11 x .1 x 14,,2010,,Y,N,,,N,N,,N,N,,,N,Untitled,US/0.00;,,1,,http://baralaye.worldsecuresystems.com/art/dw-s-0004,http://baralaye.worldsecuresystems.com/AP.aspx?ID=PUT_AFFILIATEPROGRAMID_HERE&EID=PUT_AFFILIATECRMID_HERE&ObjectID=5043065&ObjectType=27,N,,,,
DW-S_0006,Untitled,,/images/art/portfolio/small/DW-S_0006.jpg,/images/art/portfolio/large/DW-S_0006.jpg,/Art/Drawings/Prints/;/Art/;,US/50.00;,US/50.00;,,dw-s-0006,,,,,3001,,,,,print,,50,1,0,,Y,N,graphite and paper,11 x .1 x 14,,2010,,Y,N,,,N,N,,N,N,,,N,Untitled,US/0.00;,,1,,http://baralaye.worldsecuresystems.com/art/dw-s-0006,http://baralaye.worldsecuresystems.com/AP.aspx?ID=PUT_AFFILIATEPROGRAMID_HERE&EID=PUT_AFFILIATECRMID_HERE&ObjectID=5043066&ObjectType=27,N,,,,
DW-S_0007,Untitled,,/images/art/portfolio/small/DW-S_0007.jpg,/images/art/portfolio/large/DW-S_0007.jpg,/Art/Drawings/Prints/;/Art/;,US/50.00;,US/50.00;,,dw-s-0007,,,,,3001,,,,,print,,50,1,0,,Y,N,graphite and paper,11 x .1 x 14,,2010,,Y,N,,,N,N,,N,N,,,N,Untitled,US/0.00;,,1,,http://baralaye.worldsecuresystems.com/art/dw-s-0007,http://baralaye.worldsecuresystems.com/AP.aspx?ID=PUT_AFFILIATEPROGRAMID_HERE&EID=PUT_AFFILIATECRMID_HERE&ObjectID=5043067&ObjectType=27,N,,,,
DW-S_0008,Untitled,,/images/art/portfolio/small/DW-S_0008.jpg,/images/art/portfolio/large/DW-S_0008.jpg,/Art/Drawings/Prints/;/Art/;,US/50.00;,US/50.00;,,dw-s-0008,,,,,3001,,,,,print,,50,1,0,,Y,N,graphite and paper,11 x .1 x 14,,2010,,Y,N,,,N,N,,N,N,,,N,Untitled,US/0.00;,,1,,http://baralaye.worldsecuresystems.com/art/dw-s-0008,http://baralaye.worldsecuresystems.com/AP.aspx?ID=PUT_AFFILIATEPROGRAMID_HERE&EID=PUT_AFFILIATECRMID_HERE&ObjectID=5043068&ObjectType=27,N,,,,
DW-S_0009,Untitled,,/images/art/portfolio/small/DW-S_0009.jpg,/images/art/portfolio/large/DW-S_0009.jpg,/Art/Drawings/Prints/;/Art/;,US/50.00;,US/50.00;,,dw-s-0009,,,,,3001,,,,,print,,50,1,0,,Y,N,graphite and paper,11 x .1 x 14,,2010,,Y,N,,,N,N,,N,N,,,N,Untitled,US/0.00;,,1,,http://baralaye.worldsecuresystems.com/art/dw-s-0009,http://baralaye.worldsecuresystems.com/AP.aspx?ID=PUT_AFFILIATEPROGRAMID_HERE&EID=PUT_AFFILIATECRMID_HERE&ObjectID=5043069&ObjectType=27,N,,,,
DW-S_0011,Untitled,,/images/art/portfolio/small/DW-S_0011.jpg,/images/art/portfolio/large/DW-S_0011.jpg,/Art/Drawings/Prints/;/Art/;,US/50.00;,US/50.00;,,dw-s-0011,,,,,3001,,,,,print,,50,1,0,,Y,N,graphite and paper,11 x .1 x 14,,2010,,Y,N,,,N,N,,N,N,,,N,Untitled,US/0.00;,,1,,http://baralaye.worldsecuresystems.com/art/dw-s-0011,http://baralaye.worldsecuresystems.com/AP.aspx?ID=PUT_AFFILIATEPROGRAMID_HERE&EID=PUT_AFFILIATECRMID_HERE&ObjectID=5043070&ObjectType=27,N,,,,
DW-S_0012,Untitled,,/images/art/portfolio/small/DW-S_0012.jpg,/images/art/portfolio/large/DW-S_0012.jpg,/Art/Drawings/Prints/;/Art/;,US/50.00;,US/50.00;,,dw-s-0012,,,,,3001,,,,,print,,50,1,0,,Y,N,graphite and paper,11 x .1 x 14,,2010,,Y,N,,,N,N,,N,N,,,N,Untitled,US/0.00;,,1,,http://baralaye.worldsecuresystems.com/art/dw-s-0012,http://baralaye.worldsecuresystems.com/AP.aspx?ID=PUT_AFFILIATEPROGRAMID_HERE&EID=PUT_AFFILIATECRMID_HERE&ObjectID=5043071&ObjectType=27,N,,,,
DW-S_0013,Untitled,,/images/art/portfolio/small/DW-S_0013.jpg,/images/art/portfolio/large/DW-S_0013.jpg,/Art/Drawings/Prints/;/Art/;,US/50.00;,US/50.00;,,dw-s-0013,,,,,3001,,,,,print,,50,1,0,,Y,N,graphite and paper,11 x .1 x 14,,2010,,Y,N,,,N,N,,N,N,,,N,Untitled,US/0.00;,,1,,http://baralaye.worldsecuresystems.com/art/dw-s-0013,http://baralaye.worldsecuresystems.com/AP.aspx?ID=PUT_AFFILIATEPROGRAMID_HERE&EID=PUT_AFFILIATECRMID_HERE&ObjectID=5043072&ObjectType=27,N,,,,
V-SC_0003,Vaughan,,/images/art/portfolio/small/V-SC_0003_a.jpg,/images/art/portfolio/large/V-SC_0003_a.jpg,/Art/Vessels/;/Art/Vessels/Slipcast/;/Art/;,US/250.00;,US/250.00;,,vaughan,,,,,5003,,2.75,6.5,,vessel,,,1,0,,Y,N,"porcelain, slip-cast",5 x 6.5 x 14,2.5,2006,/images/art/portfolio/large/V-SC_0003_a.jpg;/images/art/portfolio/large/V-SC_0003_b.jpg;/images/art/portfolio/large/V-SC_0003_c.jpg;/images/art/portfolio/large/V-SC_0003_d.jpg;/images/art/portfolio/large/V-SC_0003_e.jpg;,Y,N,,,N,N,,N,N,14,5,N,Vaughan,US/0.00;,,1,,http://baralaye.worldsecuresystems.com/art/vaughan,http://baralaye.worldsecuresystems.com/AP.aspx?ID=PUT_AFFILIATEPROGRAMID_HERE&EID=PUT_AFFILIATECRMID_HERE&ObjectID=5041606&ObjectType=27,N,,,,
S-MM_0005,When I Spin My Dress Spins Too,,/images/art/portfolio/small/s-mm_0005_a.jpg,/images/art/portfolio/large/s-mm_0005_a.jpg,/Art/Sculpture/;/Art/Sculpture/Mixed Media/;/Art/;,,,,s-mm-0005,,,,,8005,,,,,,1,1,0,0,,Y,N,"SRAM bike parts, found bike wheel, plaster,  acrylic paint, resin",27 x 17 x 27,,2012,/images/art/portfolio/big/s-mm_0005_a.jpg;/images/art/portfolio/big/s-mm_0005_b.jpg;,Y,N,,,N,N,,N,N,,,N,When I Spin My Dress Spins Too,,,1,,http://baralaye.worldsecuresystems.com/art/s-mm-0005,http://baralaye.worldsecuresystems.com/AP.aspx?ID=PUT_AFFILIATEPROGRAMID_HERE&EID=PUT_AFFILIATECRMID_HERE&ObjectID=5216921&ObjectType=27,N,,,,
S-MM_0003,Yuen,,/images/art/portfolio/small/S-MM_0003_a.jpg,/images/art/portfolio/large/S-MM_0003_a.jpg,/Art/Sculpture/;/Art/Sculpture/Mixed Media/;/Art/;,US/3000.00;,US/3000.00;,,yuen,,,,,8004,,,,,sculpture,,1,1,0,,Y,N,"found objects, raw clay, plaster, cloth, wax.",11 x 12 x 27.5,23.2,2012,/images/art/portfolio/large/S-MM_0003_a.jpg;/images/art/portfolio/large/S-MM_0003_b.jpg;/images/art/portfolio/large/S-MM_0003_c.jpg;/images/art/portfolio/large/S-MM_0003_d.jpg;/images/art/portfolio/large/S-MM_0003_e.jpg;/images/art/portfolio/large/S-MM_0003_f.jpg;/images/art/portfolio/large/S-MM_0003_g.jpg;/images/art/portfolio/large/S-MM_0003_h.jpg;,Y,N,,,N,N,,N,N,,,N,Yuen,US/0.00;,,1,,http://baralaye.worldsecuresystems.com/art/yuen,http://baralaye.worldsecuresystems.com/AP.aspx?ID=PUT_AFFILIATEPROGRAMID_HERE&EID=PUT_AFFILIATECRMID_HERE&ObjectID=5041586&ObjectType=27,N,,,,
